RegionName2,Year,Epidemic_Week
Addis Ababa,2014,32
Addis Ababa,2014,51
Addis Ababa,2014,52
Addis Ababa,2015,1
Addis Ababa,2015,2
Addis Ababa,2015,6
Addis Ababa,2015,7
Addis Ababa,2015,8
Addis Ababa,2015,9
Addis Ababa,2015,10
Addis Ababa,2015,11
Addis Ababa,2015,12
Addis Ababa,2015,14
Addis Ababa,2015,15
Addis Ababa,2015,16
Addis Ababa,2015,22
Addis Ababa,2016,6
Addis Ababa,2019,32
Addis Ababa,2020,1
Addis Ababa,2020,2
Addis Ababa,2020,3
Addis Ababa,2020,4
Addis Ababa,2020,5
Addis Ababa,2020,6
Addis Ababa,2020,7
Addis Ababa,2020,8
Addis Ababa,2020,9
Addis Ababa,2020,10
Addis Ababa,2020,11
Addis Ababa,2020,12
Addis Ababa,2020,13
Addis Ababa,2020,14
Addis Ababa,2020,15
Addis Ababa,2020,16
Addis Ababa,2020,17
Addis Ababa,2020,18
Addis Ababa,2020,19
Addis Ababa,2020,20
Addis Ababa,2020,21
Addis Ababa,2020,22
Addis Ababa,2020,23
Addis Ababa,2020,24
Addis Ababa,2020,25
Addis Ababa,2020,26
Addis Ababa,2020,27
Addis Ababa,2020,28
Addis Ababa,2020,29
Addis Ababa,2020,30
Addis Ababa,2020,31
Addis Ababa,2020,32
Addis Ababa,2020,33
Addis Ababa,2020,34
Addis Ababa,2020,35
Addis Ababa,2020,36
Addis Ababa,2020,37
Addis Ababa,2020,38
Addis Ababa,2020,39
Addis Ababa,2020,40
Addis Ababa,2020,41
Addis Ababa,2020,42
Addis Ababa,2020,43
Addis Ababa,2020,44
Addis Ababa,2020,45
Addis Ababa,2020,46
Addis Ababa,2020,47
Addis Ababa,2020,48
Addis Ababa,2020,49
Addis Ababa,2020,50
Addis Ababa,2020,51
Addis Ababa,2020,52
Addis Ababa,2021,1
Addis Ababa,2021,2
Addis Ababa,2021,3
Addis Ababa,2021,4
Addis Ababa,2021,5
Addis Ababa,2021,6
Addis Ababa,2021,7
Addis Ababa,2021,8
Addis Ababa,2021,9
Addis Ababa,2021,10
Addis Ababa,2021,11
Addis Ababa,2021,12
Addis Ababa,2021,13
Addis Ababa,2021,14
Addis Ababa,2021,15
Addis Ababa,2021,16
Addis Ababa,2021,17
Addis Ababa,2021,18
Addis Ababa,2021,19
Addis Ababa,2021,20
Addis Ababa,2021,21
Addis Ababa,2021,22
Addis Ababa,2021,23
Addis Ababa,2021,24
Addis Ababa,2021,25
Addis Ababa,2021,26
Addis Ababa,2021,27
Addis Ababa,2021,28
Addis Ababa,2021,29
Addis Ababa,2021,30
Addis Ababa,2021,31
Addis Ababa,2021,32
Addis Ababa,2021,33
Addis Ababa,2021,34
Addis Ababa,2021,35
Addis Ababa,2021,36
Addis Ababa,2021,37
Addis Ababa,2021,38
Addis Ababa,2021,39
Addis Ababa,2021,40
Addis Ababa,2021,41
Addis Ababa,2021,42
Addis Ababa,2021,43
Addis Ababa,2021,44
Addis Ababa,2021,45
Addis Ababa,2021,46
Addis Ababa,2021,47
Addis Ababa,2021,48
Addis Ababa,2021,49
Addis Ababa,2021,50
Addis Ababa,2021,51
Addis Ababa,2021,52
Addis Ababa,2022,5
Addis Ababa,2022,6
Addis Ababa,2022,7
Addis Ababa,2022,8
Addis Ababa,2022,9
Addis Ababa,2022,10
Addis Ababa,2022,11
Addis Ababa,2022,12
Addis Ababa,2022,13
Addis Ababa,2022,14
Addis Ababa,2022,15
Addis Ababa,2022,16
Addis Ababa,2022,17
Addis Ababa,2022,18
Addis Ababa,2022,19
Addis Ababa,2022,20
Addis Ababa,2022,21
Addis Ababa,2022,22
Addis Ababa,2022,23
Addis Ababa,2022,24
Addis Ababa,2022,25
Addis Ababa,2022,26
Addis Ababa,2022,27
Addis Ababa,2022,34
Addis Ababa,2022,35
Addis Ababa,2022,36
Addis Ababa,2022,37
Addis Ababa,2022,38
Addis Ababa,2022,39
Addis Ababa,2022,40
Addis Ababa,2022,41
Addis Ababa,2022,42
Addis Ababa,2022,43
Addis Ababa,2022,44
Addis Ababa,2022,45
Addis Ababa,2022,46
Addis Ababa,2022,47
Addis Ababa,2022,48
Addis Ababa,2022,49
Addis Ababa,2022,50
Addis Ababa,2022,51
Addis Ababa,2022,52
Afar,2013,52
Afar,2014,10
Afar,2014,13
Afar,2014,14
Afar,2014,15
Afar,2014,16
Afar,2014,21
Afar,2014,27
Afar,2014,31
Afar,2014,32
Afar,2014,33
Afar,2014,34
Afar,2014,35
Afar,2014,36
Afar,2014,37
Afar,2014,38
Afar,2014,44
Afar,2015,34
Afar,2017,12
Afar,2017,13
Afar,2017,14
Afar,2017,15
Afar,2018,47
Afar,2019,31
Afar,2020,1
Afar,2020,2
Afar,2020,3
Afar,2020,4
Afar,2020,5
Afar,2020,6
Afar,2020,7
Afar,2020,8
Afar,2020,9
Afar,2020,10
Afar,2020,11
Afar,2020,12
Afar,2020,13
Afar,2020,14
Afar,2020,15
Afar,2020,16
Afar,2020,17
Afar,2020,18
Afar,2020,19
Afar,2020,20
Afar,2020,21
Afar,2020,22
Afar,2020,23
Afar,2020,24
Afar,2020,25
Afar,2020,26
Afar,2020,27
Afar,2020,28
Afar,2020,29
Afar,2020,30
Afar,2020,31
Afar,2020,32
Afar,2020,33
Afar,2020,34
Afar,2020,35
Afar,2020,36
Afar,2020,37
Afar,2020,38
Afar,2020,39
Afar,2020,40
Afar,2020,41
Afar,2020,42
Afar,2020,43
Afar,2020,44
Afar,2020,45
Afar,2020,46
Afar,2020,47
Afar,2020,48
Afar,2020,49
Afar,2020,50
Afar,2020,51
Afar,2020,52
Afar,2021,1
Afar,2021,2
Afar,2021,3
Afar,2021,4
Afar,2021,5
Afar,2021,6
Afar,2021,7
Afar,2021,8
Afar,2021,9
Afar,2021,10
Afar,2021,11
Afar,2021,12
Afar,2021,13
Afar,2021,14
Afar,2021,15
Afar,2021,16
Afar,2021,17
Afar,2021,18
Afar,2021,19
Afar,2021,20
Afar,2021,21
Afar,2021,22
Afar,2021,23
Afar,2021,24
Afar,2021,25
Afar,2021,26
Afar,2021,27
Afar,2021,28
Afar,2021,29
Afar,2021,30
Afar,2021,31
Afar,2021,32
Afar,2021,33
Afar,2021,34
Afar,2021,35
Afar,2021,36
Afar,2021,37
Afar,2021,38
Afar,2021,39
Afar,2021,40
Afar,2021,41
Afar,2021,42
Afar,2021,43
Afar,2021,44
Afar,2021,45
Afar,2021,46
Afar,2021,47
Afar,2021,48
Afar,2021,49
Afar,2021,50
Afar,2021,51
Afar,2021,52
Afar,2022,5
Afar,2022,6
Afar,2022,7
Afar,2022,8
Afar,2022,9
Afar,2022,10
Afar,2022,11
Afar,2022,12
Afar,2022,13
Afar,2022,14
Afar,2022,15
Afar,2022,16
Afar,2022,17
Afar,2022,18
Afar,2022,19
Afar,2022,20
Afar,2022,21
Afar,2022,22
Afar,2022,23
Afar,2022,24
Afar,2022,25
Afar,2022,26
Afar,2022,27
Afar,2022,34
Afar,2022,35
Afar,2022,36
Afar,2022,37
Afar,2022,38
Afar,2022,39
Afar,2022,40
Afar,2022,41
Afar,2022,42
Afar,2022,43
Afar,2022,44
Afar,2022,45
Afar,2022,46
Afar,2022,47
Afar,2022,48
Afar,2022,49
Afar,2022,50
Afar,2022,51
Afar,2022,52
Amhara,2020,1
Amhara,2020,2
Amhara,2020,3
Amhara,2020,4
Amhara,2020,5
Amhara,2020,6
Amhara,2020,7
Amhara,2020,8
Amhara,2020,9
Amhara,2020,10
Amhara,2020,11
Amhara,2020,12
Amhara,2020,13
Amhara,2020,14
Amhara,2020,15
Amhara,2020,16
Amhara,2020,17
Amhara,2020,18
Amhara,2020,19
Amhara,2020,20
Amhara,2020,21
Amhara,2020,22
Amhara,2020,23
Amhara,2020,24
Amhara,2020,25
Amhara,2020,26
Amhara,2020,27
Amhara,2020,28
Amhara,2020,29
Amhara,2020,30
Amhara,2020,31
Amhara,2020,32
Amhara,2020,33
Amhara,2020,34
Amhara,2020,35
Amhara,2020,36
Amhara,2020,37
Amhara,2020,38
Amhara,2020,39
Amhara,2020,40
Amhara,2020,41
Amhara,2020,42
Amhara,2020,43
Amhara,2020,44
Amhara,2020,45
Amhara,2020,46
Amhara,2020,47
Amhara,2020,48
Amhara,2020,49
Amhara,2020,50
Amhara,2020,51
Amhara,2020,52
Amhara,2021,1
Amhara,2021,2
Amhara,2021,3
Amhara,2021,4
Amhara,2021,5
Amhara,2021,6
Amhara,2021,7
Amhara,2021,8
Amhara,2021,9
Amhara,2021,10
Amhara,2021,11
Amhara,2021,12
Amhara,2021,13
Amhara,2021,14
Amhara,2021,15
Amhara,2021,16
Amhara,2021,17
Amhara,2021,18
Amhara,2021,19
Amhara,2021,20
Amhara,2021,21
Amhara,2021,22
Amhara,2021,23
Amhara,2021,24
Amhara,2021,25
Amhara,2021,26
Amhara,2021,27
Amhara,2021,28
Amhara,2021,29
Amhara,2021,30
Amhara,2021,31
Amhara,2021,32
Amhara,2021,33
Amhara,2021,34
Amhara,2021,35
Amhara,2021,36
Amhara,2021,37
Amhara,2021,38
Amhara,2021,39
Amhara,2021,40
Amhara,2021,41
Amhara,2021,42
Amhara,2021,43
Amhara,2021,44
Amhara,2021,45
Amhara,2021,46
Amhara,2021,47
Amhara,2021,48
Amhara,2021,49
Amhara,2021,50
Amhara,2021,51
Amhara,2021,52
Amhara,2022,5
Amhara,2022,6
Amhara,2022,7
Amhara,2022,8
Amhara,2022,9
Amhara,2022,10
Amhara,2022,11
Amhara,2022,12
Amhara,2022,13
Amhara,2022,14
Amhara,2022,15
Amhara,2022,16
Amhara,2022,17
Amhara,2022,18
Amhara,2022,19
Amhara,2022,20
Amhara,2022,21
Amhara,2022,22
Amhara,2022,23
Amhara,2022,24
Amhara,2022,25
Amhara,2022,26
Amhara,2022,27
Amhara,2022,34
Amhara,2022,35
Amhara,2022,36
Amhara,2022,37
Amhara,2022,38
Amhara,2022,39
Amhara,2022,40
Amhara,2022,41
Amhara,2022,42
Amhara,2022,43
Amhara,2022,44
Amhara,2022,45
Amhara,2022,46
Amhara,2022,47
Amhara,2022,48
Amhara,2022,49
Amhara,2022,50
Amhara,2022,51
Amhara,2022,52
Benishangul-Gumuz,2014,52
Benishangul-Gumuz,2015,14
Benishangul-Gumuz,2015,16
Benishangul-Gumuz,2015,19
Benishangul-Gumuz,2015,20
Benishangul-Gumuz,2015,21
Benishangul-Gumuz,2020,1
Benishangul-Gumuz,2020,2
Benishangul-Gumuz,2020,3
Benishangul-Gumuz,2020,4
Benishangul-Gumuz,2020,5
Benishangul-Gumuz,2020,6
Benishangul-Gumuz,2020,7
Benishangul-Gumuz,2020,8
Benishangul-Gumuz,2020,9
Benishangul-Gumuz,2020,10
Benishangul-Gumuz,2020,11
Benishangul-Gumuz,2020,12
Benishangul-Gumuz,2020,13
Benishangul-Gumuz,2020,14
Benishangul-Gumuz,2020,15
Benishangul-Gumuz,2020,16
Benishangul-Gumuz,2020,17
Benishangul-Gumuz,2020,18
Benishangul-Gumuz,2020,19
Benishangul-Gumuz,2020,20
Benishangul-Gumuz,2020,21
Benishangul-Gumuz,2020,22
Benishangul-Gumuz,2020,23
Benishangul-Gumuz,2020,24
Benishangul-Gumuz,2020,25
Benishangul-Gumuz,2020,26
Benishangul-Gumuz,2020,27
Benishangul-Gumuz,2020,28
Benishangul-Gumuz,2020,29
Benishangul-Gumuz,2020,30
Benishangul-Gumuz,2020,31
Benishangul-Gumuz,2020,32
Benishangul-Gumuz,2020,33
Benishangul-Gumuz,2020,34
Benishangul-Gumuz,2020,35
Benishangul-Gumuz,2020,36
Benishangul-Gumuz,2020,37
Benishangul-Gumuz,2020,38
Benishangul-Gumuz,2020,39
Benishangul-Gumuz,2020,40
Benishangul-Gumuz,2020,41
Benishangul-Gumuz,2020,42
Benishangul-Gumuz,2020,43
Benishangul-Gumuz,2020,44
Benishangul-Gumuz,2020,45
Benishangul-Gumuz,2020,46
Benishangul-Gumuz,2020,47
Benishangul-Gumuz,2020,48
Benishangul-Gumuz,2020,49
Benishangul-Gumuz,2020,50
Benishangul-Gumuz,2020,51
Benishangul-Gumuz,2020,52
Benishangul-Gumuz,2021,1
Benishangul-Gumuz,2021,2
Benishangul-Gumuz,2021,3
Benishangul-Gumuz,2021,4
Benishangul-Gumuz,2021,5
Benishangul-Gumuz,2021,6
Benishangul-Gumuz,2021,7
Benishangul-Gumuz,2021,8
Benishangul-Gumuz,2021,9
Benishangul-Gumuz,2021,10
Benishangul-Gumuz,2021,11
Benishangul-Gumuz,2021,12
Benishangul-Gumuz,2021,13
Benishangul-Gumuz,2021,14
Benishangul-Gumuz,2021,15
Benishangul-Gumuz,2021,16
Benishangul-Gumuz,2021,17
Benishangul-Gumuz,2021,18
Benishangul-Gumuz,2021,19
Benishangul-Gumuz,2021,20
Benishangul-Gumuz,2021,21
Benishangul-Gumuz,2021,22
Benishangul-Gumuz,2021,23
Benishangul-Gumuz,2021,24
Benishangul-Gumuz,2021,25
Benishangul-Gumuz,2021,26
Benishangul-Gumuz,2021,27
Benishangul-Gumuz,2021,28
Benishangul-Gumuz,2021,29
Benishangul-Gumuz,2021,30
Benishangul-Gumuz,2021,31
Benishangul-Gumuz,2021,32
Benishangul-Gumuz,2021,33
Benishangul-Gumuz,2021,34
Benishangul-Gumuz,2021,35
Benishangul-Gumuz,2021,36
Benishangul-Gumuz,2021,37
Benishangul-Gumuz,2021,38
Benishangul-Gumuz,2021,39
Benishangul-Gumuz,2021,40
Benishangul-Gumuz,2021,41
Benishangul-Gumuz,2021,42
Benishangul-Gumuz,2021,43
Benishangul-Gumuz,2021,44
Benishangul-Gumuz,2021,45
Benishangul-Gumuz,2021,46
Benishangul-Gumuz,2021,47
Benishangul-Gumuz,2021,48
Benishangul-Gumuz,2021,49
Benishangul-Gumuz,2021,50
Benishangul-Gumuz,2021,51
Benishangul-Gumuz,2021,52
Benishangul-Gumuz,2022,5
Benishangul-Gumuz,2022,6
Benishangul-Gumuz,2022,7
Benishangul-Gumuz,2022,8
Benishangul-Gumuz,2022,9
Benishangul-Gumuz,2022,10
Benishangul-Gumuz,2022,11
Benishangul-Gumuz,2022,12
Benishangul-Gumuz,2022,13
Benishangul-Gumuz,2022,14
Benishangul-Gumuz,2022,15
Benishangul-Gumuz,2022,16
Benishangul-Gumuz,2022,17
Benishangul-Gumuz,2022,18
Benishangul-Gumuz,2022,19
Benishangul-Gumuz,2022,20
Benishangul-Gumuz,2022,21
Benishangul-Gumuz,2022,22
Benishangul-Gumuz,2022,23
Benishangul-Gumuz,2022,24
Benishangul-Gumuz,2022,25
Benishangul-Gumuz,2022,26
Benishangul-Gumuz,2022,27
Benishangul-Gumuz,2022,34
Benishangul-Gumuz,2022,35
Benishangul-Gumuz,2022,36
Benishangul-Gumuz,2022,37
Benishangul-Gumuz,2022,38
Benishangul-Gumuz,2022,39
Benishangul-Gumuz,2022,40
Benishangul-Gumuz,2022,41
Benishangul-Gumuz,2022,42
Benishangul-Gumuz,2022,43
Benishangul-Gumuz,2022,44
Benishangul-Gumuz,2022,45
Benishangul-Gumuz,2022,46
Benishangul-Gumuz,2022,47
Benishangul-Gumuz,2022,48
Benishangul-Gumuz,2022,49
Benishangul-Gumuz,2022,50
Benishangul-Gumuz,2022,51
Benishangul-Gumuz,2022,52
Dire Dawa,2015,9
Dire Dawa,2015,10
Dire Dawa,2015,11
Dire Dawa,2015,12
Dire Dawa,2015,13
Dire Dawa,2015,14
Dire Dawa,2015,15
Dire Dawa,2015,16
Dire Dawa,2015,17
Dire Dawa,2015,18
Dire Dawa,2015,20
Dire Dawa,2015,26
Dire Dawa,2015,27
Dire Dawa,2017,21
Dire Dawa,2017,40
Dire Dawa,2017,44
Dire Dawa,2017,45
Dire Dawa,2018,8
Dire Dawa,2020,1
Dire Dawa,2020,2
Dire Dawa,2020,3
Dire Dawa,2020,4
Dire Dawa,2020,5
Dire Dawa,2020,6
Dire Dawa,2020,7
Dire Dawa,2020,8
Dire Dawa,2020,9
Dire Dawa,2020,10
Dire Dawa,2020,11
Dire Dawa,2020,12
Dire Dawa,2020,13
Dire Dawa,2020,14
Dire Dawa,2020,15
Dire Dawa,2020,16
Dire Dawa,2020,17
Dire Dawa,2020,18
Dire Dawa,2020,19
Dire Dawa,2020,20
Dire Dawa,2020,21
Dire Dawa,2020,22
Dire Dawa,2020,23
Dire Dawa,2020,24
Dire Dawa,2020,25
Dire Dawa,2020,26
Dire Dawa,2020,27
Dire Dawa,2020,28
Dire Dawa,2020,29
Dire Dawa,2020,30
Dire Dawa,2020,31
Dire Dawa,2020,32
Dire Dawa,2020,33
Dire Dawa,2020,34
Dire Dawa,2020,35
Dire Dawa,2020,36
Dire Dawa,2020,37
Dire Dawa,2020,38
Dire Dawa,2020,39
Dire Dawa,2020,40
Dire Dawa,2020,41
Dire Dawa,2020,42
Dire Dawa,2020,43
Dire Dawa,2020,44
Dire Dawa,2020,45
Dire Dawa,2020,46
Dire Dawa,2020,47
Dire Dawa,2020,48
Dire Dawa,2020,49
Dire Dawa,2020,50
Dire Dawa,2020,51
Dire Dawa,2020,52
Dire Dawa,2021,1
Dire Dawa,2021,2
Dire Dawa,2021,3
Dire Dawa,2021,4
Dire Dawa,2021,5
Dire Dawa,2021,6
Dire Dawa,2021,7
Dire Dawa,2021,8
Dire Dawa,2021,9
Dire Dawa,2021,10
Dire Dawa,2021,11
Dire Dawa,2021,12
Dire Dawa,2021,13
Dire Dawa,2021,14
Dire Dawa,2021,15
Dire Dawa,2021,16
Dire Dawa,2021,17
Dire Dawa,2021,18
Dire Dawa,2021,19
Dire Dawa,2021,20
Dire Dawa,2021,21
Dire Dawa,2021,22
Dire Dawa,2021,23
Dire Dawa,2021,24
Dire Dawa,2021,25
Dire Dawa,2021,26
Dire Dawa,2021,27
Dire Dawa,2021,28
Dire Dawa,2021,29
Dire Dawa,2021,30
Dire Dawa,2021,31
Dire Dawa,2021,32
Dire Dawa,2021,33
Dire Dawa,2021,34
Dire Dawa,2021,35
Dire Dawa,2021,36
Dire Dawa,2021,37
Dire Dawa,2021,38
Dire Dawa,2021,39
Dire Dawa,2021,40
Dire Dawa,2021,41
Dire Dawa,2021,42
Dire Dawa,2021,43
Dire Dawa,2021,44
Dire Dawa,2021,45
Dire Dawa,2021,46
Dire Dawa,2021,47
Dire Dawa,2021,48
Dire Dawa,2021,49
Dire Dawa,2021,50
Dire Dawa,2021,51
Dire Dawa,2021,52
Dire Dawa,2022,5
Dire Dawa,2022,6
Dire Dawa,2022,7
Dire Dawa,2022,8
Dire Dawa,2022,9
Dire Dawa,2022,10
Dire Dawa,2022,11
Dire Dawa,2022,12
Dire Dawa,2022,13
Dire Dawa,2022,14
Dire Dawa,2022,15
Dire Dawa,2022,16
Dire Dawa,2022,17
Dire Dawa,2022,18
Dire Dawa,2022,19
Dire Dawa,2022,20
Dire Dawa,2022,21
Dire Dawa,2022,22
Dire Dawa,2022,23
Dire Dawa,2022,24
Dire Dawa,2022,25
Dire Dawa,2022,26
Dire Dawa,2022,27
Dire Dawa,2022,34
Dire Dawa,2022,35
Dire Dawa,2022,36
Dire Dawa,2022,37
Dire Dawa,2022,38
Dire Dawa,2022,39
Dire Dawa,2022,40
Dire Dawa,2022,41
Dire Dawa,2022,42
Dire Dawa,2022,43
Dire Dawa,2022,44
Dire Dawa,2022,45
Dire Dawa,2022,46
Dire Dawa,2022,47
Dire Dawa,2022,48
Dire Dawa,2022,49
Dire Dawa,2022,50
Dire Dawa,2022,51
Dire Dawa,2022,52
Gambela,2014,48
Gambela,2019,13
Gambela,2019,15
Gambela,2020,1
Gambela,2020,2
Gambela,2020,3
Gambela,2020,4
Gambela,2020,5
Gambela,2020,6
Gambela,2020,7
Gambela,2020,8
Gambela,2020,9
Gambela,2020,10
Gambela,2020,11
Gambela,2020,12
Gambela,2020,13
Gambela,2020,14
Gambela,2020,15
Gambela,2020,16
Gambela,2020,17
Gambela,2020,18
Gambela,2020,19
Gambela,2020,20
Gambela,2020,21
Gambela,2020,22
Gambela,2020,23
Gambela,2020,24
Gambela,2020,25
Gambela,2020,26
Gambela,2020,27
Gambela,2020,28
Gambela,2020,29
Gambela,2020,30
Gambela,2020,31
Gambela,2020,32
Gambela,2020,33
Gambela,2020,34
Gambela,2020,35
Gambela,2020,36
Gambela,2020,37
Gambela,2020,38
Gambela,2020,39
Gambela,2020,40
Gambela,2020,41
Gambela,2020,42
Gambela,2020,43
Gambela,2020,44
Gambela,2020,45
Gambela,2020,46
Gambela,2020,47
Gambela,2020,48
Gambela,2020,49
Gambela,2020,50
Gambela,2020,51
Gambela,2020,52
Gambela,2021,1
Gambela,2021,2
Gambela,2021,3
Gambela,2021,4
Gambela,2021,5
Gambela,2021,6
Gambela,2021,7
Gambela,2021,8
Gambela,2021,9
Gambela,2021,10
Gambela,2021,11
Gambela,2021,12
Gambela,2021,13
Gambela,2021,14
Gambela,2021,15
Gambela,2021,16
Gambela,2021,17
Gambela,2021,18
Gambela,2021,19
Gambela,2021,20
Gambela,2021,21
Gambela,2021,22
Gambela,2021,23
Gambela,2021,24
Gambela,2021,25
Gambela,2021,26
Gambela,2021,27
Gambela,2021,28
Gambela,2021,29
Gambela,2021,30
Gambela,2021,31
Gambela,2021,32
Gambela,2021,33
Gambela,2021,34
Gambela,2021,35
Gambela,2021,36
Gambela,2021,37
Gambela,2021,38
Gambela,2021,39
Gambela,2021,40
Gambela,2021,41
Gambela,2021,42
Gambela,2021,43
Gambela,2021,44
Gambela,2021,45
Gambela,2021,46
Gambela,2021,47
Gambela,2021,48
Gambela,2021,49
Gambela,2021,50
Gambela,2021,51
Gambela,2021,52
Gambela,2022,5
Gambela,2022,6
Gambela,2022,7
Gambela,2022,8
Gambela,2022,9
Gambela,2022,10
Gambela,2022,11
Gambela,2022,12
Gambela,2022,13
Gambela,2022,14
Gambela,2022,15
Gambela,2022,16
Gambela,2022,17
Gambela,2022,18
Gambela,2022,19
Gambela,2022,20
Gambela,2022,21
Gambela,2022,22
Gambela,2022,23
Gambela,2022,24
Gambela,2022,25
Gambela,2022,26
Gambela,2022,27
Gambela,2022,34
Gambela,2022,35
Gambela,2022,36
Gambela,2022,37
Gambela,2022,38
Gambela,2022,39
Gambela,2022,40
Gambela,2022,41
Gambela,2022,42
Gambela,2022,43
Gambela,2022,44
Gambela,2022,45
Gambela,2022,46
Gambela,2022,47
Gambela,2022,48
Gambela,2022,49
Gambela,2022,50
Gambela,2022,51
Gambela,2022,52
Harari,2019,10
Harari,2020,1
Harari,2020,2
Harari,2020,3
Harari,2020,4
Harari,2020,5
Harari,2020,6
Harari,2020,7
Harari,2020,8
Harari,2020,9
Harari,2020,10
Harari,2020,11
Harari,2020,12
Harari,2020,13
Harari,2020,14
Harari,2020,15
Harari,2020,16
Harari,2020,17
Harari,2020,18
Harari,2020,19
Harari,2020,20
Harari,2020,21
Harari,2020,22
Harari,2020,23
Harari,2020,24
Harari,2020,25
Harari,2020,26
Harari,2020,27
Harari,2020,28
Harari,2020,29
Harari,2020,30
Harari,2020,31
Harari,2020,32
Harari,2020,33
Harari,2020,34
Harari,2020,35
Harari,2020,36
Harari,2020,37
Harari,2020,38
Harari,2020,39
Harari,2020,40
Harari,2020,41
Harari,2020,42
Harari,2020,43
Harari,2020,44
Harari,2020,45
Harari,2020,46
Harari,2020,47
Harari,2020,48
Harari,2020,49
Harari,2020,50
Harari,2020,51
Harari,2020,52
Harari,2021,1
Harari,2021,2
Harari,2021,3
Harari,2021,4
Harari,2021,5
Harari,2021,6
Harari,2021,7
Harari,2021,8
Harari,2021,9
Harari,2021,10
Harari,2021,11
Harari,2021,12
Harari,2021,13
Harari,2021,14
Harari,2021,15
Harari,2021,16
Harari,2021,17
Harari,2021,18
Harari,2021,19
Harari,2021,20
Harari,2021,21
Harari,2021,22
Harari,2021,23
Harari,2021,24
Harari,2021,25
Harari,2021,26
Harari,2021,27
Harari,2021,28
Harari,2021,29
Harari,2021,30
Harari,2021,31
Harari,2021,32
Harari,2021,33
Harari,2021,34
Harari,2021,35
Harari,2021,36
Harari,2021,37
Harari,2021,38
Harari,2021,39
Harari,2021,40
Harari,2021,41
Harari,2021,42
Harari,2021,43
Harari,2021,44
Harari,2021,45
Harari,2021,46
Harari,2021,47
Harari,2021,48
Harari,2021,49
Harari,2021,50
Harari,2021,51
Harari,2021,52
Harari,2022,5
Harari,2022,6
Harari,2022,7
Harari,2022,8
Harari,2022,9
Harari,2022,10
Harari,2022,11
Harari,2022,12
Harari,2022,13
Harari,2022,14
Harari,2022,15
Harari,2022,16
Harari,2022,17
Harari,2022,18
Harari,2022,19
Harari,2022,20
Harari,2022,21
Harari,2022,22
Harari,2022,23
Harari,2022,24
Harari,2022,25
Harari,2022,26
Harari,2022,27
Harari,2022,34
Harari,2022,35
Harari,2022,36
Harari,2022,37
Harari,2022,38
Harari,2022,39
Harari,2022,40
Harari,2022,41
Harari,2022,42
Harari,2022,43
Harari,2022,44
Harari,2022,45
Harari,2022,46
Harari,2022,47
Harari,2022,48
Harari,2022,49
Harari,2022,50
Harari,2022,51
Harari,2022,52
Oromia,2019,8
Oromia,2020,1
Oromia,2020,2
Oromia,2020,3
Oromia,2020,4
Oromia,2020,5
Oromia,2020,6
Oromia,2020,7
Oromia,2020,8
Oromia,2020,9
Oromia,2020,10
Oromia,2020,11
Oromia,2020,12
Oromia,2020,13
Oromia,2020,14
Oromia,2020,15
Oromia,2020,16
Oromia,2020,17
Oromia,2020,18
Oromia,2020,19
Oromia,2020,20
Oromia,2020,21
Oromia,2020,22
Oromia,2020,23
Oromia,2020,24
Oromia,2020,25
Oromia,2020,26
Oromia,2020,27
Oromia,2020,28
Oromia,2020,29
Oromia,2020,30
Oromia,2020,31
Oromia,2020,32
Oromia,2020,33
Oromia,2020,34
Oromia,2020,35
Oromia,2020,36
Oromia,2020,37
Oromia,2020,38
Oromia,2020,39
Oromia,2020,40
Oromia,2020,41
Oromia,2020,42
Oromia,2020,43
Oromia,2020,44
Oromia,2020,45
Oromia,2020,46
Oromia,2020,47
Oromia,2020,48
Oromia,2020,49
Oromia,2020,50
Oromia,2020,51
Oromia,2020,52
Oromia,2021,1
Oromia,2021,2
Oromia,2021,3
Oromia,2021,4
Oromia,2021,5
Oromia,2021,6
Oromia,2021,7
Oromia,2021,8
Oromia,2021,9
Oromia,2021,10
Oromia,2021,11
Oromia,2021,12
Oromia,2021,13
Oromia,2021,14
Oromia,2021,15
Oromia,2021,16
Oromia,2021,17
Oromia,2021,18
Oromia,2021,19
Oromia,2021,20
Oromia,2021,21
Oromia,2021,22
Oromia,2021,23
Oromia,2021,24
Oromia,2021,25
Oromia,2021,26
Oromia,2021,27
Oromia,2021,28
Oromia,2021,29
Oromia,2021,30
Oromia,2021,31
Oromia,2021,32
Oromia,2021,33
Oromia,2021,34
Oromia,2021,35
Oromia,2021,36
Oromia,2021,37
Oromia,2021,38
Oromia,2021,39
Oromia,2021,40
Oromia,2021,41
Oromia,2021,42
Oromia,2021,43
Oromia,2021,44
Oromia,2021,45
Oromia,2021,46
Oromia,2021,47
Oromia,2021,48
Oromia,2021,49
Oromia,2021,50
Oromia,2021,51
Oromia,2021,52
Oromia,2022,5
Oromia,2022,6
Oromia,2022,7
Oromia,2022,8
Oromia,2022,9
Oromia,2022,10
Oromia,2022,11
Oromia,2022,12
Oromia,2022,13
Oromia,2022,14
Oromia,2022,15
Oromia,2022,16
Oromia,2022,17
Oromia,2022,18
Oromia,2022,19
Oromia,2022,20
Oromia,2022,21
Oromia,2022,22
Oromia,2022,23
Oromia,2022,24
Oromia,2022,25
Oromia,2022,26
Oromia,2022,27
Oromia,2022,34
Oromia,2022,35
Oromia,2022,36
Oromia,2022,37
Oromia,2022,38
Oromia,2022,39
Oromia,2022,40
Oromia,2022,41
Oromia,2022,42
Oromia,2022,43
Oromia,2022,44
Oromia,2022,45
Oromia,2022,46
Oromia,2022,47
Oromia,2022,48
Oromia,2022,49
Oromia,2022,50
Oromia,2022,51
Oromia,2022,52
SNNP,2015,3
SNNP,2015,9
SNNP,2015,11
SNNP,2018,4
SNNP,2020,1
SNNP,2020,2
SNNP,2020,3
SNNP,2020,4
SNNP,2020,5
SNNP,2020,6
SNNP,2020,7
SNNP,2020,8
SNNP,2020,9
SNNP,2020,10
SNNP,2020,11
SNNP,2020,12
SNNP,2020,13
SNNP,2020,14
SNNP,2020,15
SNNP,2020,16
SNNP,2020,17
SNNP,2020,18
SNNP,2020,19
SNNP,2020,20
SNNP,2020,21
SNNP,2020,22
SNNP,2020,23
SNNP,2020,24
SNNP,2020,25
SNNP,2020,26
SNNP,2020,27
SNNP,2020,28
SNNP,2020,29
SNNP,2020,30
SNNP,2020,31
SNNP,2020,32
SNNP,2020,33
SNNP,2020,34
SNNP,2020,35
SNNP,2020,36
SNNP,2020,37
SNNP,2020,38
SNNP,2020,39
SNNP,2020,40
SNNP,2020,41
SNNP,2020,42
SNNP,2020,43
SNNP,2020,44
SNNP,2020,45
SNNP,2020,46
SNNP,2020,47
SNNP,2020,48
SNNP,2020,49
SNNP,2020,50
SNNP,2020,51
SNNP,2020,52
SNNP,2021,1
SNNP,2021,2
SNNP,2021,3
SNNP,2021,4
SNNP,2021,5
SNNP,2021,6
SNNP,2021,7
SNNP,2021,8
SNNP,2021,9
SNNP,2021,10
SNNP,2021,11
SNNP,2021,12
SNNP,2021,13
SNNP,2021,14
SNNP,2021,15
SNNP,2021,16
SNNP,2021,17
SNNP,2021,18
SNNP,2021,19
SNNP,2021,20
SNNP,2021,21
SNNP,2021,22
SNNP,2021,23
SNNP,2021,24
SNNP,2021,25
SNNP,2021,26
SNNP,2021,27
SNNP,2021,28
SNNP,2021,29
SNNP,2021,30
SNNP,2021,31
SNNP,2021,32
SNNP,2021,33
SNNP,2021,34
SNNP,2021,35
SNNP,2021,36
SNNP,2021,37
SNNP,2021,38
SNNP,2021,39
SNNP,2021,40
SNNP,2021,41
SNNP,2021,42
SNNP,2021,43
SNNP,2021,44
SNNP,2021,45
SNNP,2021,46
SNNP,2021,47
SNNP,2021,48
SNNP,2021,49
SNNP,2021,50
SNNP,2021,51
SNNP,2021,52
SNNP,2022,5
SNNP,2022,6
SNNP,2022,7
SNNP,2022,8
SNNP,2022,9
SNNP,2022,10
SNNP,2022,11
SNNP,2022,12
SNNP,2022,13
SNNP,2022,14
SNNP,2022,15
SNNP,2022,16
SNNP,2022,17
SNNP,2022,18
SNNP,2022,19
SNNP,2022,20
SNNP,2022,21
SNNP,2022,22
SNNP,2022,23
SNNP,2022,24
SNNP,2022,25
SNNP,2022,26
SNNP,2022,27
SNNP,2022,34
SNNP,2022,35
SNNP,2022,36
SNNP,2022,37
SNNP,2022,38
SNNP,2022,39
SNNP,2022,40
SNNP,2022,41
SNNP,2022,42
SNNP,2022,43
SNNP,2022,44
SNNP,2022,45
SNNP,2022,46
SNNP,2022,47
SNNP,2022,48
SNNP,2022,49
SNNP,2022,50
SNNP,2022,51
SNNP,2022,52
South West,2015,3
South West,2015,9
South West,2015,11
South West,2018,4
South West,2020,1
South West,2020,2
South West,2020,3
South West,2020,4
South West,2020,5
South West,2020,6
South West,2020,7
South West,2020,8
South West,2020,9
South West,2020,10
South West,2020,11
South West,2020,12
South West,2020,13
South West,2020,14
South West,2020,15
South West,2020,16
South West,2020,17
South West,2020,18
South West,2020,19
South West,2020,20
South West,2020,21
South West,2020,22
South West,2020,23
South West,2020,24
South West,2020,25
South West,2020,26
South West,2020,27
South West,2020,28
South West,2020,29
South West,2020,30
South West,2020,31
South West,2020,32
South West,2020,33
South West,2020,34
South West,2020,35
South West,2020,36
South West,2020,37
South West,2020,38
South West,2020,39
South West,2020,40
South West,2020,41
South West,2020,42
South West,2020,43
South West,2020,44
South West,2020,45
South West,2020,46
South West,2020,47
South West,2020,48
South West,2020,49
South West,2020,50
South West,2020,51
South West,2020,52
South West,2021,1
South West,2021,2
South West,2021,3
South West,2021,4
South West,2021,5
South West,2021,6
South West,2021,7
South West,2021,8
South West,2021,9
South West,2021,10
South West,2021,11
South West,2021,12
South West,2021,13
South West,2021,14
South West,2021,15
South West,2021,16
South West,2021,17
South West,2021,18
South West,2021,19
South West,2021,20
South West,2021,21
South West,2021,22
South West,2021,23
South West,2021,24
South West,2021,25
South West,2021,26
South West,2021,27
South West,2021,28
South West,2021,29
South West,2021,30
South West,2021,31
South West,2021,32
South West,2021,33
South West,2021,34
South West,2021,35
South West,2021,36
South West,2021,37
South West,2021,38
South West,2021,39
South West,2021,40
South West,2021,41
South West,2021,42
South West,2021,43
South West,2021,44
South West,2021,45
South West,2021,46
South West,2021,47
South West,2021,48
South West,2021,49
South West,2021,50
South West,2021,51
South West,2021,52
South West,2022,5
South West,2022,6
South West,2022,7
South West,2022,8
South West,2022,9
South West,2022,10
South West,2022,11
South West,2022,12
South West,2022,13
South West,2022,14
South West,2022,15
South West,2022,16
South West,2022,17
South West,2022,18
South West,2022,19
South West,2022,20
South West,2022,21
South West,2022,22
South West,2022,23
South West,2022,24
South West,2022,25
South West,2022,26
South West,2022,27
South West,2022,34
South West,2022,35
South West,2022,36
South West,2022,37
South West,2022,38
South West,2022,39
South West,2022,40
South West,2022,41
South West,2022,42
South West,2022,43
South West,2022,44
South West,2022,45
South West,2022,46
South West,2022,47
South West,2022,48
South West,2022,49
South West,2022,50
South West,2022,51
South West,2022,52
Sidama,2015,3
Sidama,2015,9
Sidama,2015,11
Sidama,2018,4
Sidama,2020,1
Sidama,2020,2
Sidama,2020,3
Sidama,2020,4
Sidama,2020,5
Sidama,2020,6
Sidama,2020,7
Sidama,2020,8
Sidama,2020,9
Sidama,2020,10
Sidama,2020,11
Sidama,2020,12
Sidama,2020,13
Sidama,2020,14
Sidama,2020,15
Sidama,2020,16
Sidama,2020,17
Sidama,2020,18
Sidama,2020,19
Sidama,2020,20
Sidama,2020,21
Sidama,2020,22
Sidama,2020,23
Sidama,2020,24
Sidama,2020,25
Sidama,2020,26
Sidama,2020,27
Sidama,2020,28
Sidama,2020,29
Sidama,2020,30
Sidama,2020,31
Sidama,2020,32
Sidama,2020,33
Sidama,2020,34
Sidama,2020,35
Sidama,2020,36
Sidama,2020,37
Sidama,2020,38
Sidama,2020,39
Sidama,2020,40
Sidama,2020,41
Sidama,2020,42
Sidama,2020,43
Sidama,2020,44
Sidama,2020,45
Sidama,2020,46
Sidama,2020,47
Sidama,2020,48
Sidama,2020,49
Sidama,2020,50
Sidama,2020,51
Sidama,2020,52
Sidama,2021,1
Sidama,2021,2
Sidama,2021,3
Sidama,2021,4
Sidama,2021,5
Sidama,2021,6
Sidama,2021,7
Sidama,2021,8
Sidama,2021,9
Sidama,2021,10
Sidama,2021,11
Sidama,2021,12
Sidama,2021,13
Sidama,2021,14
Sidama,2021,15
Sidama,2021,16
Sidama,2021,17
Sidama,2021,18
Sidama,2021,19
Sidama,2021,20
Sidama,2021,21
Sidama,2021,22
Sidama,2021,23
Sidama,2021,24
Sidama,2021,25
Sidama,2021,26
Sidama,2021,27
Sidama,2021,28
Sidama,2021,29
Sidama,2021,30
Sidama,2021,31
Sidama,2021,32
Sidama,2021,33
Sidama,2021,34
Sidama,2021,35
Sidama,2021,36
Sidama,2021,37
Sidama,2021,38
Sidama,2021,39
Sidama,2021,40
Sidama,2021,41
Sidama,2021,42
Sidama,2021,43
Sidama,2021,44
Sidama,2021,45
Sidama,2021,46
Sidama,2021,47
Sidama,2021,48
Sidama,2021,49
Sidama,2021,50
Sidama,2021,51
Sidama,2021,52
Sidama,2022,5
Sidama,2022,6
Sidama,2022,7
Sidama,2022,8
Sidama,2022,9
Sidama,2022,10
Sidama,2022,11
Sidama,2022,12
Sidama,2022,13
Sidama,2022,14
Sidama,2022,15
Sidama,2022,16
Sidama,2022,17
Sidama,2022,18
Sidama,2022,19
Sidama,2022,20
Sidama,2022,21
Sidama,2022,22
Sidama,2022,23
Sidama,2022,24
Sidama,2022,25
Sidama,2022,26
Sidama,2022,27
Sidama,2022,34
Sidama,2022,35
Sidama,2022,36
Sidama,2022,37
Sidama,2022,38
Sidama,2022,39
Sidama,2022,40
Sidama,2022,41
Sidama,2022,42
Sidama,2022,43
Sidama,2022,44
Sidama,2022,45
Sidama,2022,46
Sidama,2022,47
Sidama,2022,48
Sidama,2022,49
Sidama,2022,50
Sidama,2022,51
Sidama,2022,52
Somali,2015,5
Somali,2015,14
Somali,2017,40
Somali,2018,40
Somali,2018,48
Somali,2020,1
Somali,2020,2
Somali,2020,3
Somali,2020,4
Somali,2020,5
Somali,2020,6
Somali,2020,7
Somali,2020,8
Somali,2020,9
Somali,2020,10
Somali,2020,11
Somali,2020,12
Somali,2020,13
Somali,2020,14
Somali,2020,15
Somali,2020,16
Somali,2020,17
Somali,2020,18
Somali,2020,19
Somali,2020,20
Somali,2020,21
Somali,2020,22
Somali,2020,23
Somali,2020,24
Somali,2020,25
Somali,2020,26
Somali,2020,27
Somali,2020,28
Somali,2020,29
Somali,2020,30
Somali,2020,31
Somali,2020,32
Somali,2020,33
Somali,2020,34
Somali,2020,35
Somali,2020,36
Somali,2020,37
Somali,2020,38
Somali,2020,39
Somali,2020,40
Somali,2020,41
Somali,2020,42
Somali,2020,43
Somali,2020,44
Somali,2020,45
Somali,2020,46
Somali,2020,47
Somali,2020,48
Somali,2020,49
Somali,2020,50
Somali,2020,51
Somali,2020,52
Somali,2021,1
Somali,2021,2
Somali,2021,3
Somali,2021,4
Somali,2021,5
Somali,2021,6
Somali,2021,7
Somali,2021,8
Somali,2021,9
Somali,2021,10
Somali,2021,11
Somali,2021,12
Somali,2021,13
Somali,2021,14
Somali,2021,15
Somali,2021,16
Somali,2021,17
Somali,2021,18
Somali,2021,19
Somali,2021,20
Somali,2021,21
Somali,2021,22
Somali,2021,23
Somali,2021,24
Somali,2021,25
Somali,2021,26
Somali,2021,27
Somali,2021,28
Somali,2021,29
Somali,2021,30
Somali,2021,31
Somali,2021,32
Somali,2021,33
Somali,2021,34
Somali,2021,35
Somali,2021,36
Somali,2021,37
Somali,2021,38
Somali,2021,39
Somali,2021,40
Somali,2021,41
Somali,2021,42
Somali,2021,43
Somali,2021,44
Somali,2021,45
Somali,2021,46
Somali,2021,47
Somali,2021,48
Somali,2021,49
Somali,2021,50
Somali,2021,51
Somali,2021,52
Somali,2022,5
Somali,2022,6
Somali,2022,7
Somali,2022,8
Somali,2022,9
Somali,2022,10
Somali,2022,11
Somali,2022,12
Somali,2022,13
Somali,2022,14
Somali,2022,15
Somali,2022,16
Somali,2022,17
Somali,2022,18
Somali,2022,19
Somali,2022,20
Somali,2022,21
Somali,2022,22
Somali,2022,23
Somali,2022,24
Somali,2022,25
Somali,2022,26
Somali,2022,27
Somali,2022,34
Somali,2022,35
Somali,2022,36
Somali,2022,37
Somali,2022,38
Somali,2022,39
Somali,2022,40
Somali,2022,41
Somali,2022,42
Somali,2022,43
Somali,2022,44
Somali,2022,45
Somali,2022,46
Somali,2022,47
Somali,2022,48
Somali,2022,49
Somali,2022,50
Somali,2022,51
Somali,2022,52
Tigray,2015,24
Tigray,2015,41
Tigray,2019,22
Tigray,2019,23
Tigray,2020,1
Tigray,2020,2
Tigray,2020,3
Tigray,2020,4
Tigray,2020,5
Tigray,2020,6
Tigray,2020,7
Tigray,2020,8
Tigray,2020,9
Tigray,2020,10
Tigray,2020,11
Tigray,2020,12
Tigray,2020,13
Tigray,2020,14
Tigray,2020,15
Tigray,2020,16
Tigray,2020,17
Tigray,2020,18
Tigray,2020,19
Tigray,2020,20
Tigray,2020,21
Tigray,2020,22
Tigray,2020,23
Tigray,2020,24
Tigray,2020,25
Tigray,2020,26
Tigray,2020,27
Tigray,2020,28
Tigray,2020,29
Tigray,2020,30
Tigray,2020,31
Tigray,2020,32
Tigray,2020,33
Tigray,2020,34
Tigray,2020,35
Tigray,2020,36
Tigray,2020,37
Tigray,2020,38
Tigray,2020,39
Tigray,2020,40
Tigray,2020,41
Tigray,2020,42
Tigray,2020,43
Tigray,2020,44
Tigray,2020,45
Tigray,2020,46
Tigray,2020,47
Tigray,2020,48
Tigray,2020,49
Tigray,2020,50
Tigray,2020,51
Tigray,2020,52
Tigray,2021,1
Tigray,2021,2
Tigray,2021,3
Tigray,2021,4
Tigray,2021,5
Tigray,2021,6
Tigray,2021,7
Tigray,2021,8
Tigray,2021,9
Tigray,2021,10
Tigray,2021,11
Tigray,2021,12
Tigray,2021,13
Tigray,2021,14
Tigray,2021,15
Tigray,2021,16
Tigray,2021,17
Tigray,2021,18
Tigray,2021,19
Tigray,2021,20
Tigray,2021,21
Tigray,2021,22
Tigray,2021,23
Tigray,2021,24
Tigray,2021,25
Tigray,2021,26
Tigray,2021,27
Tigray,2021,28
Tigray,2021,29
Tigray,2021,30
Tigray,2021,31
Tigray,2021,32
Tigray,2021,33
Tigray,2021,34
Tigray,2021,35
Tigray,2021,36
Tigray,2021,37
Tigray,2021,38
Tigray,2021,39
Tigray,2021,40
Tigray,2021,41
Tigray,2021,42
Tigray,2021,43
Tigray,2021,44
Tigray,2021,45
Tigray,2021,46
Tigray,2021,47
Tigray,2021,48
Tigray,2021,49
Tigray,2021,50
Tigray,2021,51
Tigray,2021,52
Tigray,2022,1
Tigray,2022,2
Tigray,2022,3
Tigray,2022,4
Tigray,2022,5
Tigray,2022,6
Tigray,2022,7
Tigray,2022,8
Tigray,2022,9
Tigray,2022,10
Tigray,2022,11
Tigray,2022,12
Tigray,2022,13
Tigray,2022,14
Tigray,2022,15
Tigray,2022,16
Tigray,2022,17
Tigray,2022,18
Tigray,2022,19
Tigray,2022,20
Tigray,2022,21
Tigray,2022,22
Tigray,2022,23
Tigray,2022,24
Tigray,2022,25
Tigray,2022,26
Tigray,2022,27
Tigray,2022,28
Tigray,2022,29
Tigray,2022,30
Tigray,2022,31
Tigray,2022,32
Tigray,2022,33
Tigray,2022,34
Tigray,2022,35
Tigray,2022,36
Tigray,2022,37
Tigray,2022,38
Tigray,2022,39
Tigray,2022,40
Tigray,2022,41
Tigray,2022,42
Tigray,2022,43
Tigray,2022,44
Tigray,2022,45
Tigray,2022,46
Tigray,2022,47
Tigray,2022,48
Tigray,2022,49
Tigray,2022,50
Tigray,2022,51
Tigray,2022,52
